data;evento;strumenti
2026-10-02;Occupazione USA (Employment Situation);USA
2026-10-14;Inflazione USA (CPI);USA
2026-10-28;Decisione Fed (ore 19:00 italiane);USA
2026-10-29;Decisione BCE (ore 14:15);EUROPA
2026-10-30;Decisione Bank of Japan;GIAPPONE
2026-11-06;Occupazione USA (Employment Situation);USA
2026-11-10;Inflazione USA (CPI);USA
2026-12-04;Occupazione USA (Employment Situation);USA
2026-12-09;Decisione Fed (ore 20:00 italiane);USA
2026-12-10;Inflazione USA (CPI);USA
2026-12-17;Decisione BCE (ore 14:15);EUROPA
2026-12-18;Decisione Bank of Japan;GIAPPONE
2027-01-22;Decisione Bank of Japan;GIAPPONE
2027-01-27;Decisione Fed (ore 20:00 italiane);USA
2027-02-04;Decisione BCE (ore 14:15);EUROPA
2027-03-17;Decisione Fed (ore 19:00 italiane);USA
2027-03-18;Decisione BCE (ore 14:15);EUROPA
2027-03-18;Decisione Bank of Japan;GIAPPONE
2027-04-28;Decisione Fed (ore 20:00 italiane);USA
2027-04-28;Decisione Bank of Japan;GIAPPONE
2027-04-29;Decisione BCE (ore 14:15);EUROPA
2027-06-09;Decisione Fed (ore 20:00 italiane);USA
2027-06-10;Decisione BCE (ore 14:15);EUROPA
2027-06-11;Decisione Bank of Japan;GIAPPONE
2027-07-22;Decisione BCE (ore 14:15);EUROPA
2027-07-22;Decisione Bank of Japan;GIAPPONE
2027-07-28;Decisione Fed (ore 20:00 italiane);USA
2027-09-09;Decisione BCE (ore 14:15);EUROPA
2027-09-15;Decisione Fed (ore 20:00 italiane);USA
2027-09-22;Decisione Bank of Japan;GIAPPONE
2027-10-27;Decisione Fed (ore 20:00 italiane);USA
2027-10-28;Decisione BCE (ore 14:15);EUROPA
2027-10-29;Decisione Bank of Japan;GIAPPONE
2027-12-08;Decisione Fed (ore 20:00 italiane);USA
2027-12-16;Decisione BCE (ore 14:15);EUROPA
2027-12-17;Decisione Bank of Japan;GIAPPONE
